{
  "project_info": {
    "project_number": "187443867567",
    "firebase_url": "https://shinta-pml-default-rtdb.firebaseio.com",
    "project_id": "shinta-pml",
    "storage_bucket": "shinta-pml.firebasestorage.app"
  },
  "client": [
    {
      "client_info": {
        "mobilesdk_app_id": "1:187443867567:android:b5d3a5db548c43a110495a",
        "android_client_info": {
          "package_name": "aprillia.shinta.parfum"
        }
      },
      "oauth_client": [],
      "api_key": [
        {
          "current_key": "AIzaSyCCG9gDoBWnEjmRKQccgf9AUTA1apRKisA"
        }
      ],
      "services": {
        "appinvite_service": {
          "other_platform_oauth_client": []
        }
      }
    },
    {
      "client_info": {
        "mobilesdk_app_id": "1:187443867567:android:e8fc20e48790861810495a",
        "android_client_info": {
          "package_name": "aprillia.shinta.pml02"
        }
      },
      "oauth_client": [],
      "api_key": [
        {
          "current_key": "AIzaSyCCG9gDoBWnEjmRKQccgf9AUTA1apRKisA"
        }
      ],
      "services": {
        "appinvite_service": {
          "other_platform_oauth_client": []
        }
      }
    },
    {
      "client_info": {
        "mobilesdk_app_id": "1:187443867567:android:0a0ead34ab945ac310495a",
        "android_client_info": {
          "package_name": "aprillia.shinta.pml3"
        }
      },
      "oauth_client": [],
      "api_key": [
        {
          "current_key": "AIzaSyCCG9gDoBWnEjmRKQccgf9AUTA1apRKisA"
        }
      ],
      "services": {
        "appinvite_service": {
          "other_platform_oauth_client": []
        }
      }
    }
  ],
  "configuration_version": "1"
}